{
    "requireCurlyBraces": [
        "if",
        "else",
        "for",
        "while",
        "do",
        "try",
        "catch"
    ],
    "requireSpaceAfterKeywords": [
        "if",
        "else",
        "for",
        "while",
        "do",
        "switch",
        "case",
        "return",
        "try",
        "catch",
        "function",
        "typeof"
    ],
    "requireSpaceBeforeBlockStatements": true,
    "requireParenthesesAroundIIFE": true,
    "requireSpacesInConditionalExpression": true,
    "disallowSpacesInNamedFunctionExpression": {
        "beforeOpeningRoundBrace": true
    },
    "disallowSpacesInFunctionDeclaration": {
        "beforeOpeningRoundBrace": true
    },
    "requireMultipleVarDecl": "onevar",
    "requireBlocksOnNewline": true,
    "disallowEmptyBlocks": true,
    "disallowSpacesInsideParentheses": true,
    "disallowDanglingUnderscores": true,
    "requireCommaBeforeLineBreak": true,
    "disallowSpaceAfterPrefixUnaryOperators": true,
    "disallowSpaceBeforePostfixUnaryOperators": true,
    "disallowSpaceBeforeBinaryOperators": [
        ","
    ],
    "requireSpacesInForStatement": true,
    "requireSpaceBeforeBinaryOperators": true,
    "requireSpaceAfterBinaryOperators": true,
    "disallowKeywords": [
        "with",
        "continue"
    ],
    "validateIndentation": 4,
    "disallowMixedSpacesAndTabs": true,
    "disallowTrailingWhitespace": true,
    "disallowTrailingComma": true,
    "disallowKeywordsOnNewLine": [
        "else"
    ],
    "requireLineFeedAtFileEnd": true,
    "requireCapitalizedConstructors": true,
    "requireDotNotation": true,
    "disallowNewlineBeforeBlockStatements": true,
    "disallowMultipleLineStrings": true
}
